,H#,Group,mean,sem,std,n
0,H2,A:['discounted_order'] == True,1702.3518671052632,97.08054239688342,1889.9564595184981,380
1,H2,B:['discounted_order'] == False,1375.3318444444446,84.5125173429505,1790.788136227032,450
