,H#,Group,mean,sem,std,n
0,H1,A:['Discount'] > 0,27.10978520286396,0.7175374620266017,20.759042075141373,838
1,H1,B:['Discount'] == 0,21.715261958997722,0.4824264219638805,17.500845477669806,1317
